CREATE TABLE `billing_records` (
  `id` mediumint(8) unsigned NOT NULL auto_increment,
  `session_id` mediumint,
  `billing_code` mediumint default NULL,
  `billin_status` mediumint default NULL,
  PRIMARY KEY (`id`)
) AUTO_INCREMENT=1;


#Evals 601
INSERT INTO `billing_records` (`session_id`,`billing_code`,`billin_status`)
VALUES
  (601,1,2),
  (604,1,2),
  (607,1,1),
  (610,1,2),
  (613,1,2),
  (616,1,1),
  (619,1,1),
  (622,1,2),
  (625,1,1),
  (628,1,1);
INSERT INTO `billing_records` (`session_id`,`billing_code`,`billin_status`)
VALUES
  (631,1,2),
  (634,1,2),
  (637,1,2),
  (640,1,1),
  (643,1,1),
  (646,1,2),
  (649,1,2),
  (652,1,2),
  (655,1,2),
  (658,1,2);
  
INSERT INTO `billing_records` (`session_id`,`billing_code`,`billin_status`)
VALUES
  (602,2,2),
  (605,4,2),
  (608,3,2),
  (611,4,2),
  (614,2,2),
  (617,3,2),
  (620,5,2),
  (623,4,2),
  (626,2,2),
  (629,4,2);
INSERT INTO `billing_records` (`session_id`,`billing_code`,`billin_status`)
VALUES
  (632,2,2),
  (635,5,2),
  (638,5,2),
  (641,4,2),
  (644,2,2),
  (647,3,2),
  (650,3,2),
  (653,3,2),
  (656,5,2),
  (659,2,2);
  
  INSERT INTO `billing_records` (`session_id`,`billing_code`,`billin_status`)
VALUES
  (603,2,2),
  (606,2,2),
  (609,2,1),
  (612,2,1),
  (615,2,1),
  (618,2,2),
  (621,2,2),
  (624,2,2),
  (627,2,2),
  (630,2,2);
INSERT INTO `billing_records` (`session_id`,`billing_code`,`billin_status`)
VALUES
  (633,2,2),
  (636,2,2),
  (639,2,2),
  (642,2,1),
  (645,2,2),
  (648,2,2),
  (651,2,2),
  (654,2,1),
  (657,2,1),
  (660,2,2);

  

#session info 602
  INSERT INTO `sessions` (`session_id`,`therapist_id`,`client_id`,`date`,`location_id`)
VALUES
  (602,2,10,"2022-05-10 06:17:51",1),
  (605,3,1,"2022-05-12 06:31:10",1),
  (608,4,6,"2022-05-10 20:18:51",1),
  (611,3,10,"2022-05-12 03:00:01",1),
  (614,3,6,"2022-05-13 03:14:12",1),
  (617,2,7,"2022-05-11 09:16:10",1),
  (620,1,10,"2022-05-11 08:27:28",1),
  (623,4,8,"2022-05-10 00:09:03",1),
  (626,1,5,"2022-05-11 08:40:52",1),
  (629,5,9,"2022-05-12 13:30:48",1);
INSERT INTO `sessions` (`session_id`,`therapist_id`,`client_id`,`date`,`location_id`)
VALUES
  (632,2,7,"2022-05-10 10:27:24",1),
  (635,4,5,"2022-05-11 15:01:45",1),
  (638,3,8,"2022-05-10 23:55:11",1),
  (641,4,2,"2022-05-10 10:12:55",1),
  (644,3,7,"2022-05-12 00:52:18",1),
  (647,1,6,"2022-05-13 05:17:39",1),
  (650,5,3,"2022-05-10 12:17:04",1),
  (653,3,8,"2022-05-11 19:19:40",1),
  (656,3,10,"2022-05-13 11:29:37",1),
  (659,3,5,"2022-05-13 05:25:37",1);

#session data info 601
INSERT INTO `sessions` (`session_id`,`therapist_id`,`client_id`,`date`,`location_id`)
VALUES
  (601,3,7,"2022-05-05 04:22:30",1),
  (604,2,2,"2022-05-03 05:17:41",1),
  (607,2,3,"2022-05-03 21:39:28",1),
  (610,2,7,"2022-05-04 14:26:41",1),
  (613,1,9,"2022-05-03 08:32:37",1),
  (616,2,1,"2022-05-02 21:22:22",1),
  (619,2,7,"2022-05-06 11:18:57",1),
  (622,3,8,"2022-05-03 12:44:37",1),
  (625,3,3,"2022-05-03 20:44:54",1),
  (628,2,3,"2022-05-05 04:55:17",1);
INSERT INTO `sessions` (`session_id`,`therapist_id`,`client_id`,`date`,`location_id`)
VALUES
  (631,2,1,"2022-05-05 13:06:58",1),
  (634,1,4,"2022-05-02 16:53:36",1),
  (637,1,9,"2022-05-06 04:08:33",1),
  (640,3,4,"2022-05-04 22:30:04",1),
  (643,1,10,"2022-05-05 16:59:23",1),
  (646,1,5,"2022-05-05 10:03:54",1),
  (649,3,9,"2022-05-04 18:00:10",1),
  (652,1,6,"2022-05-06 02:25:18",1),
  (655,2,2,"2022-05-05 14:52:23",1),
  (658,1,5,"2022-05-03 11:25:12",1);
#session data 603
INSERT INTO `sessions` (`session_id`,`therapist_id`,`client_id`,`date`,`location_id`)
VALUES
  (603,1,12,"2022-05-18 01:26:13",1),
  (606,8,7,"2022-05-16 17:00:38",1),
  (609,7,1,"2022-05-19 05:12:11",1),
  (612,3,6,"2022-05-19 22:45:59",1),
  (615,5,7,"2022-05-19 11:06:40",1),
  (618,1,12,"2022-05-17 15:46:10",1),
  (621,6,10,"2022-05-16 17:58:25",1),
  (624,6,12,"2022-05-17 10:16:31",1),
  (627,8,6,"2022-05-19 14:53:43",1),
  (630,9,2,"2022-05-19 19:38:20",1);
INSERT INTO `sessions` (`session_id`,`therapist_id`,`client_id`,`date`,`location_id`)
VALUES
  (633,9,5,"2022-05-18 11:27:28",1),
  (636,9,8,"2022-05-18 22:35:44",1),
  (639,7,11,"2022-05-17 12:53:06",1),
  (642,5,1,"2022-05-16 12:34:14",1),
  (645,7,10,"2022-05-17 16:45:00",1),
  (648,3,9,"2022-05-19 18:39:55",1),
  (651,8,5,"2022-05-19 13:12:07",1),
  (654,1,12,"2022-05-17 18:03:02",1),
  (657,8,3,"2022-05-18 02:01:04",1),
  (660,5,11,"2022-05-18 18:02:33",1);
  
  INSERT INTO `session_id` (`session_id`,`therapist_id`,`client_id`,`date`,`location_id`)
VALUES
  (631,9,15,"2022-05-17 12:03:54",1),
  (632,10,9,"2022-05-18 16:57:12",1),
  (633,4,35,"2022-05-19 20:20:16",1),
  (634,9,21,"2022-05-17 06:42:29",1),
  (635,6,32,"2022-05-20 11:07:17",1),
  (636,1,5,"2022-05-17 11:24:25",1),
  (637,4,17,"2022-05-18 13:15:04",1),
  (638,2,23,"2022-05-17 04:24:11",1),
  (639,10,29,"2022-05-17 03:14:28",1),
  (640,3,20,"2022-05-19 11:47:30",1);
INSERT INTO `session_id` (`session_id`,`therapist_id`,`client_id`,`date`,`location_id`)
VALUES
  (641,2,30,"2022-05-17 10:26:26",1),
  (642,6,22,"2022-05-16 19:02:08",1),
  (643,10,13,"2022-05-16 15:51:22",1),
  (644,9,11,"2022-05-18 15:35:03",1),
  (645,3,29,"2022-05-20 01:03:40",1),
  (646,5,19,"2022-05-18 11:55:05",1),
  (647,1,31,"2022-05-18 10:07:35",1),
  (648,6,24,"2022-05-17 04:48:37",1),
  (649,2,28,"2022-05-17 02:05:47",1),
  (650,10,15,"2022-05-20 02:08:25",1);
INSERT INTO `session_id` (`session_id`,`therapist_id`,`client_id`,`date`,`location_id`)
VALUES
  (651,5,13,"2022-05-19 23:39:58",1),
  (652,8,32,"2022-05-18 08:37:52",1),
  (653,9,2,"2022-05-20 06:25:53",1),
  (654,7,4,"2022-05-19 07:45:02",1),
  (655,5,2,"2022-05-16 17:00:51",1),
  (656,7,27,"2022-05-18 04:16:31",1),
  (657,9,16,"2022-05-20 01:44:42",1),
  (658,10,24,"2022-05-17 12:42:03",1),
  (659,8,20,"2022-05-18 15:18:03",1),
  (660,3,27,"2022-05-18 01:37:31",1);
INSERT INTO `session_id` (`session_id`,`therapist_id`,`client_id`,`date`,`location_id`)
VALUES
  (661,2,26,"2022-05-18 02:56:10",1),
  (662,6,35,"2022-05-19 17:54:54",1),
  (663,9,3,"2022-05-19 17:40:03",1),
  (664,7,19,"2022-05-20 03:36:43",1),
  (665,8,7,"2022-05-17 21:19:44",1),
  (666,2,30,"2022-05-19 00:23:31",1),
  (667,9,1,"2022-05-17 22:33:22",1),
  (668,9,17,"2022-05-19 05:23:19",1),
  (669,4,32,"2022-05-17 00:20:30",1),
  (670,4,15,"2022-05-18 00:40:18",1);
INSERT INTO `session_id` (`session_id`,`therapist_id`,`client_id`,`date`,`location_id`)
VALUES
  (671,10,7,"2022-05-19 08:19:20",1),
  (672,7,4,"2022-05-16 18:38:28",1),
  (673,7,28,"2022-05-20 06:29:12",1),
  (674,6,4,"2022-05-18 04:40:08",1),
  (675,9,14,"2022-05-16 15:19:18",1),
  (676,5,21,"2022-05-16 20:49:51",1),
  (677,2,17,"2022-05-18 06:12:45",1),
  (678,5,11,"2022-05-17 08:33:15",1),
  (679,9,24,"2022-05-17 08:21:23",1),
  (680,9,5,"2022-05-18 01:23:08",1);
INSERT INTO `session_id` (`session_id`,`therapist_id`,`client_id`,`date`,`location_id`)
VALUES
  (681,6,27,"2022-05-19 03:12:27",1),
  (682,7,22,"2022-05-19 09:00:23",1),
  (683,9,30,"2022-05-18 14:26:06",1),
  (684,4,4,"2022-05-17 11:05:39",1),
  (685,10,5,"2022-05-19 11:13:18",1),
  (686,8,1,"2022-05-16 16:09:40",1),
  (687,3,13,"2022-05-18 07:59:49",1),
  (688,2,26,"2022-05-18 21:07:18",1),
  (689,4,2,"2022-05-17 16:13:46",1),
  (690,3,7,"2022-05-17 22:27:31",1);
INSERT INTO `session_id` (`session_id`,`therapist_id`,`client_id`,`date`,`location_id`)
VALUES
  (691,1,22,"2022-05-17 05:59:36",1),
  (692,4,17,"2022-05-18 13:11:18",1),
  (693,2,29,"2022-05-20 08:40:01",1),
  (694,1,1,"2022-05-19 11:02:57",1),
  (695,9,9,"2022-05-20 06:40:51",1),
  (696,5,18,"2022-05-17 00:58:40",1),
  (697,4,21,"2022-05-18 12:40:05",1),
  (698,8,16,"2022-05-16 16:26:18",1),
  (699,5,24,"2022-05-17 01:13:58",1),
  (700,8,20,"2022-05-19 23:38:33",1);
INSERT INTO `session_id` (`session_id`,`therapist_id`,`client_id`,`date`,`location_id`)
VALUES
  (701,2,24,"2022-05-17 06:55:35",1),
  (702,5,11,"2022-05-19 23:25:02",1),
  (703,1,6,"2022-05-17 13:51:05",1),
  (704,3,16,"2022-05-20 06:38:36",1),
  (705,3,32,"2022-05-19 01:01:06",1),
  (706,7,34,"2022-05-17 10:48:05",1),
  (707,6,20,"2022-05-19 09:31:53",1),
  (708,1,20,"2022-05-18 11:32:27",1),
  (709,2,26,"2022-05-18 13:07:21",1),
  (710,8,5,"2022-05-20 01:55:09",1);
INSERT INTO `session_id` (`session_id`,`therapist_id`,`client_id`,`date`,`location_id`)
VALUES
  (711,3,20,"2022-05-19 15:58:32",1),
  (712,5,12,"2022-05-19 22:21:58",1),
  (713,2,7,"2022-05-19 11:44:32",1),
  (714,7,10,"2022-05-19 03:09:57",1),
  (715,1,33,"2022-05-17 00:43:49",1),
  (716,7,15,"2022-05-17 19:51:08",1),
  (717,5,1,"2022-05-19 07:54:33",1),
  (718,6,8,"2022-05-19 17:57:55",1),
  (719,7,2,"2022-05-19 00:11:39",1),
  (720,8,26,"2022-05-19 14:26:25",1);
  
INSERT INTO `session_id` (`session_id`,`therapist_id`,`client_id`,`date`,`location_id`)
VALUES
  (721,7,20,"2022-05-17 06:16:08",1),
  (722,1,16,"2022-05-20 09:41:27",1),
  (723,3,8,"2022-05-20 04:44:14",1),
  (724,2,7,"2022-05-18 22:31:29",1),
  (725,6,29,"2022-05-18 06:05:50",1),
  (726,4,21,"2022-05-17 01:52:04",1),
  (727,1,17,"2022-05-16 23:02:14",1),
  (728,3,16,"2022-05-20 11:08:52",1),
  (729,5,10,"2022-05-17 09:38:39",1),
  (730,7,7,"2022-05-18 15:38:01",1);


